{
    "nodes": [
        {
            "type": 6,
            "left": -1,
            "right": -1,
            "param1": [
                0.0,
                0.0,
                0.0,
                0.0
            ],
            "param2": [
                0.7071067811865475,
                0.7071067811865476,
                1.0,
                0.0
            ],
            "color": [
                0.9,
                0.4,
                0.9
            ]
        }
    ]
}